<?xml version="1.0" encoding="utf-8" ?><dwsync><file name="collier_oldfaithful.jpg" server="ftp.ormsbythickstun.com" local="3486839608" remote="318763443881226972" Dst="-1" /><file name="Lowerfalls_Sburel_Dreamstime.com.jpg" server="ftp.ormsbythickstun.com" local="3486838588" remote="318763443881226972" Dst="-1" /><file name="nps_lamar.jpg" server="ftp.ormsbythickstun.com" local="3486838995" remote="318763443881226972" Dst="-1" /><file name="holdworth_yellowstone.jpg" server="ftp.ormsbythickstun.com" local="3486835552" remote="318763443881227032" Dst="-1" /><file name="peaco_birds.jpg" server="ftp.ormsbythickstun.com" local="3486839299" remote="318763443881227032" Dst="-1" /><file name="collier_fireholerivergeyser.jpg" server="ftp.ormsbythickstun.com" local="3486840506" remote="318763443881227032" Dst="-1" /><file name="nykerk_grasses.jpg" server="ftp.ormsbythickstun.com" local="3486840557" remote="318763443881227032" Dst="-1" /><file name="Smontgom65-oldfaithfulfamily.jpg" server="ftp.ormsbythickstun.com" local="3486840966" remote="318763443881227032" Dst="-1" /><file name="James-Mattil_dreamstime_fishing.jpg" server="ftp.ormsbythickstun.com" local="3486841148" remote="318763443881227032" Dst="-1" /></dwsync>